rowidnew,sentence,location,locnum,source,user
714,"if you have a lot of $$$ you could come to poland, stay in some hotel, order sn to your hotel (it takes only few days to arrive) and do it there.",poland,1,1,0
14704,not even in germany.,germany,1,0,1
5885,"hi everyone, can you guys pls give me a source where i can buy sn from that can ship it here in morocco ?",morocco,1,0,1
13417,"spoiler: the effects of sodium nitrite sodium nitrite, nano2, acts as a catalyst in the conversion of the hemoglobin in your blood into methemoglobin (methb), a molecule with a much higher affinity with oxygen.",methemoglobin,1,0,0
4215,i too have ordered from ukraine seller coming to australia,ukraine,1,1,1
16734,"weeks ago, antonio ordered that banned and deadly substance from poland: sodium nitrite.. when the poison had arrived, probably sent by post, the student had booked the roomfor some months the boy had problems and had started to be followed by a psychiatrist.",poland,1,1,0
3633,"and if the west continues to mess up. click to expand... we have america, theyγçöll do something...",america,1,0,0
3847,"some ideas for the distribution in america, i would think news stations, congressmen and lawmakers would be a start.",america,1,0,0
11100,"besides milk of magnesia, tagamet is what's the most recommended for this method but is it otc in the uk?",uk,1,0,1
13029,"hi everyone, need a reliable sn source, im from the uk.",uk,1,0,1
15457,i looked at belgium where doctors gave patients barbiturates to sleep then pentobarbital to give a heart attack.,belgium,1,0,0
7318,ordered sn from turkey.,turkey,1,1,0
1859,mexico is not easy to get n just by going so donγçöt try to travel for it.,mexico,1,0,0
6535,"*: it's legal to export from the us, but you need to check if it is legal to import in your country as well.",us,1,1,0
12287,that's weird because both ip addresses for the first two accounts showed up in the united states.,the united states,1,0,0
7189,"opening is ok, but i'd recommend buying sn fri poland.",poland,1,1,0
2401,iγçöm in australia and iγçöve sourced sn and antiemetic without issue.,australia,1,1,1
9689,"discussions, of course, are still welcome, just say something like ""the uk sn seller"" or ""name starts with"" or ""rhymes with"" when asking, and it should still allow you to research and choose wisely, but also protect the site and the sources in question while doing so.",uk,1,0,0
11610,i'm a 19 y/o student (from india),india,1,0,1
4604,and if anyone has further advice please pm me (like whatγçös wrong with the common walk-in w store in the us that sells it?,us,1,1,1
1231,"certainly, no one in the family can imagine that fabio has chosen to end it all.",fabio,1,0,0
8593,both times the reshipper noticed i was ordering sn and refused to ship it to australia.,australia,1,0,1
11110,"you can also search this site -- sanctioned suicide search -- many are from uk. search for any variation of ""sn"" [delivered, waiting, where, buy, etc].",uk,1,0,1
4230,"spoiler: the effects of sodium nitrite sodium nitrite, nano2, acts as a catalyst in the conversion of the hemoglobin in your blood into methemoglobin (methb), a molecule with a much higher affinity with oxygen.",methemoglobin,1,0,0
6457,iγçöm not in china currently,china,1,0,0
16735,spoiler a lethal poison brought from poland.,poland,1,1,0
15760,i'm based in the uk.,uk,1,0,1
7767,"that man is the first of 11 to be found that day in manhattan; all of them, as roueche says, were ""rigid, cyanotic and in a state of shock.",manhattan,1,0,1
8466,"(toxicology literature, methemoglobin inducers) if you are unfamiliar with the medical term ""half-life"": γç¥half-life [γçª] is the time required for a quantity to reduce to half its initial value.γç¥ https://en.wikipedia.org/wiki/half-life ""cyanosis is a consistent physical finding and typically occurs when just 1.5 g/dl of methemoglobin is present, which represents approximately a 10% methemoglobinemia.",methemoglobin,1,0,0
10369,"so the storing process is really important, if i will be unable to obtain sn in europe in the future.",europe,1,1,1
9937,"i won't use the sn which i ordered from the uk lab site, after further research, the price is way too cheap from what i read it should be around 10$ for 100g",uk,1,1,0
1820,"frequently asked questions death & recovery storage intake fasting antiemetics -... sanctioned-suicide.org day 1 medication and dose 08:00hrs 1 x 10mg metoclopramide 16:00hrs 1 x 10mg metoclopramide 24:00hrs 1 x 10mg metoclopramide day 2 food, fast, medication and dose 08:00hrs 1 x 10mg metoclopramide 09:00hrs 1 x full english breakfast 14:00hrs 2 x big macs with fries and vanilla milkshake 15:00hrs 1 x begin 9 hour fast 16:00hrs 1 x 10mg metoclopramide 22.00hrs 1 x begin 2 hour water fast 22:15hrs 4 x 75mg ranitidine (300mg) 22:30hrs 2 x 40mg propranolol (80mg) 22:45hrs 3 x 10mg metoclopramide (30mg) 23:00hrs 2 x 500mg of paracetamol (1000mg) 23:30hrs 1 x 20mg diazepam 23:45hrs 1 x mix 30g sn 23:50hrs 1 x last cigarette, roll up of golden virginia tobacco 24:00hrs 1 x swallow sn with water, rizla or chocolate bomb (not decided yet) cheers geo",virginia,1,0,0
18992,"""who is the president of the united states?""",the united states,1,0,0
6497,do people know what the best route in the uk could be?,uk,1,0,1
4431,"so far, for my country (france), i've only found one brand on the jungle website, bt.",france,1,0,1
2718,"i had to buy from abroad and ship to the uk , which is legal with ami, but not with benzos as they are a class c drug here.",uk,1,0,1
9802,"just wanted to say, that i live in germany, ordered sn off from ebay.",germany,1,0,1
2162,all of amazons listings are γç£out of stockγç¥ and a few different lab sites i looked into no longer ship to canada so iγçöm not sure what to do.,canada,1,0,1
7677,prefer if you live in poland since you know the country.,poland,1,0,0
10002,"after waiting over 40 days, my sn finally arrived from ukraine.",ukraine,1,1,0
6538,conclusion: it is possible to buy sn in the eu from the us.,us,1,1,1
5318,"hello all, just a word of warning on ordering from ebay within the uk, i think some suppliers of sn are being somewhat economical with the truth regarding what theyγçöre selling. one of my contacts showed me the plastic containers of sn they had purchased and when i looked inside, the contents had lumps of dry sn within-it looked a bit suspect.",uk,1,1,1
3868,"@taran, is it possible to buy sn within one week from anywhere in india?",india,1,0,1
6293,i don't care. - contacted and made full preparations for my cat to be cared for - got my funeral plan bought about four years ago - sorted out which funeral director - selling other stuff at the moment as i want to give the money to my aunt in canada - booked the hotel room - cancelled subscriptions and some direct debits.,canada,1,0,0
259,"i beg you to have the spirit of a new orleans funeral, or the dancing pall-bearers.",new orleans,1,0,0
699,i live in france and it feels like it's so incredibly hard to find sn here.,france,1,0,1
8140,"hi guys my sn from m, ukraine arrived today.",ukraine,1,1,0
4454,"if anyone from new zealand has successfully sourced sn, can you please pm me thank u.",new zealand,1,0,1
972,hi all! i have sn from poland from a website that has the name of a chemical as the website name.,poland,1,1,0
4381,but it is a reportable substance meaning vendors must report suspicious transactions within the uk.,uk,1,1,0
2666,"important stuff: you must use measuring spoons for this, not utensil dining spoons!!",utensil,1,0,0
11989,the uk police will have no knowledge about overseas sellers though so if you bought from overseas don't even worry about a welfare check.,uk,1,0,1
9064,"the seller is in the uk, but it was supposed to be here by now, so i'm guessing it was confiscated at customs.",uk,1,1,0
11853,russia is not mean.,russia,1,0,0
18384,"although in one case, a 23-year-old woman ate an unacceptable amount of sodium nitrate and her methemoglobin concentration rose to 92.7% (dela cruz et al., 2018), a 67-year-old man ate 75 g of sodium nitrate and developed vomiting and diarrhea.",al.,1,0,0
9806,i ordered from poland sn on eb**.,poland,1,1,0
2330,ive heard about places that are way worse than germany.,germany,1,0,0
11091,"continuing mid day,got a call from ""russia"" probably from those scammers from those websites where i tried to buy generic reglan.",russia,1,0,0
6275,"greetings. in south korea, it is impossible that people who are 'not' an expert or an authorized businessman purchase sn.",south korea,1,0,1
5340,sn is easily available in the us and some counties.,us,1,1,0
5292,"i literally can't even step outside my room without heavily dissociating, but, hey, at least i got a platinum trophy in persona 5 royal right before the end ┬»\_(πâä)_/┬» a list of reasons: depression and anhedonia, severe borderline personality disorder, potential schizophrenia developing, social anxiety, social awkwardness, social ineptitude, and a few others.",anhedonia,1,0,0
16637,"in brazil at 2022, it's super easy to buy sn in common online marketplaces.",brazil,1,1,1
2042,so i ordered from uk.,uk,1,1,0
8705,"γçó sodium nitrite is available to be purchased in lethal quantities from a uk website for less than ┬ú5:00, again without restriction.",uk,1,1,0
16240,"i figured that i need a ""one shot one kill"" method, it's the only way to cross the line without having any way to falter and turn back; that's why i am asking if you could dm me a reliable supplier in eu for sn?",eu,1,0,1
9678,"ive searched google dry, the only possible place left is ebay another uk seller, but havent got the time to wait for another cancellation because of corona.",uk,1,1,0
2665,"if your spoon does not have a measuring unit on it, it is an utensil dining tablespoon and thus the volume can vary greatly and thus itγçös totally unsuited for precise sn measuring.",utensil,1,0,0
10773,"(in canada it would be the college of physicians and surgeons, but not sure what it would be called in other places, but surely there is some equivalent.)",canada,1,0,1
3584,i live in california.,california,1,0,1
6833,i am a very anxious person by nature and am having a bit of a freak out over the possibility of my order of sn (from usa to uk) being siezed at the boarder.,uk,1,1,1
12247,"if rcmp gets involved, i suppose i'd get called for a friendly warning and maybe some ""welfare checks""?",rcmp,1,0,0
4339,what would you make up? in another thread someone mentioned that a person that lives in germany had problems with the police and had to pay a fine.,germany,1,0,1
17042,i decided to go live with my sister in indiana,indiana,1,0,1
3038,now america has 1 extra vent.,america,1,0,0
9603,"currently the only known reliable source is a man named ""a"" in mexico who sells it to people around the world.",mexico,1,1,0
18675,opiad + propofol + neuromuscular blocker was used for the first euthanasia in canada.,canada,1,0,0
8090,he never intended to buy the gun for me or meet me in canada.,canada,1,0,1
10509,feels good to know that i have an understanding companion :) iγçöm currently based in south korea.,south korea,1,0,1
7156,can anyone else vouch for this site in canada?,canada,1,1,0
9647,the us had plans of slowly removing sn as an additive in the 1900's.,us,1,0,0
1947,"i got my meto from my family doctor, just complain about having severe nausea after meals, it is easy to obtain by faking symptoms acid reflux, migraine.. etc i won't trust online pharmacies and canada has a very strict regulation on meds can you please pm me the source from where you have got you sn, i can't find a reliable source that ship to canada, amazon, ebay dont ship and laboratory shops only sell to manufacturering companies, i fucked i have meto but no sn",canada,1,0,0
1947,"i got my meto from my family doctor, just complain about having severe nausea after meals, it is easy to obtain by faking symptoms acid reflux, migraine.. etc i won't trust online pharmacies and canada has a very strict regulation on meds can you please pm me the source from where you have got you sn, i can't find a reliable source that ship to canada, amazon, ebay dont ship and laboratory shops only sell to manufacturering companies, i fucked i have meto but no sn",canada,2,0,1
17857,storageγçïprimersn acts much like table salt (nacl) .,storageγçïprimersn,1,0,0
17857,storageγçïprimersn acts much like table salt (nacl) .,nacl,2,0,0
14431,"antacid (several brand names) shipping to: belgium, denmark, germany, france, luxembourg, netherlands, austria, finland, poland, portugal, uk, sweden, switzerland sn sodium nitrite source 1: shipping to: all eu countries source 2: shipping to: 1 eu-country.",belgium,1,0,1
14431,"antacid (several brand names) shipping to: belgium, denmark, germany, france, luxembourg, netherlands, austria, finland, poland, portugal, uk, sweden, switzerland sn sodium nitrite source 1: shipping to: all eu countries source 2: shipping to: 1 eu-country.",denmark,2,0,1
14431,"antacid (several brand names) shipping to: belgium, denmark, germany, france, luxembourg, netherlands, austria, finland, poland, portugal, uk, sweden, switzerland sn sodium nitrite source 1: shipping to: all eu countries source 2: shipping to: 1 eu-country.",germany,3,0,1
14431,"antacid (several brand names) shipping to: belgium, denmark, germany, france, luxembourg, netherlands, austria, finland, poland, portugal, uk, sweden, switzerland sn sodium nitrite source 1: shipping to: all eu countries source 2: shipping to: 1 eu-country.",france,4,0,1
14431,"antacid (several brand names) shipping to: belgium, denmark, germany, france, luxembourg, netherlands, austria, finland, poland, portugal, uk, sweden, switzerland sn sodium nitrite source 1: shipping to: all eu countries source 2: shipping to: 1 eu-country.",luxembourg,5,0,1
14431,"antacid (several brand names) shipping to: belgium, denmark, germany, france, luxembourg, netherlands, austria, finland, poland, portugal, uk, sweden, switzerland sn sodium nitrite source 1: shipping to: all eu countries source 2: shipping to: 1 eu-country.",netherlands,6,0,1
14431,"antacid (several brand names) shipping to: belgium, denmark, germany, france, luxembourg, netherlands, austria, finland, poland, portugal, uk, sweden, switzerland sn sodium nitrite source 1: shipping to: all eu countries source 2: shipping to: 1 eu-country.",austria,7,0,1
14431,"antacid (several brand names) shipping to: belgium, denmark, germany, france, luxembourg, netherlands, austria, finland, poland, portugal, uk, sweden, switzerland sn sodium nitrite source 1: shipping to: all eu countries source 2: shipping to: 1 eu-country.",finland,8,0,1
14431,"antacid (several brand names) shipping to: belgium, denmark, germany, france, luxembourg, netherlands, austria, finland, poland, portugal, uk, sweden, switzerland sn sodium nitrite source 1: shipping to: all eu countries source 2: shipping to: 1 eu-country.",poland,9,0,1
14431,"antacid (several brand names) shipping to: belgium, denmark, germany, france, luxembourg, netherlands, austria, finland, poland, portugal, uk, sweden, switzerland sn sodium nitrite source 1: shipping to: all eu countries source 2: shipping to: 1 eu-country.",portugal,10,0,1
14431,"antacid (several brand names) shipping to: belgium, denmark, germany, france, luxembourg, netherlands, austria, finland, poland, portugal, uk, sweden, switzerland sn sodium nitrite source 1: shipping to: all eu countries source 2: shipping to: 1 eu-country.",uk,11,0,1
14431,"antacid (several brand names) shipping to: belgium, denmark, germany, france, luxembourg, netherlands, austria, finland, poland, portugal, uk, sweden, switzerland sn sodium nitrite source 1: shipping to: all eu countries source 2: shipping to: 1 eu-country.",sweden,12,0,1
14431,"antacid (several brand names) shipping to: belgium, denmark, germany, france, luxembourg, netherlands, austria, finland, poland, portugal, uk, sweden, switzerland sn sodium nitrite source 1: shipping to: all eu countries source 2: shipping to: 1 eu-country.",switzerland,13,0,1
16232,are there any other sn suppliers within canada or united states that ships to canada if you're not a business?,canada,1,1,0
16232,are there any other sn suppliers within canada or united states that ships to canada if you're not a business?,united states,2,1,0
16232,are there any other sn suppliers within canada or united states that ships to canada if you're not a business?,canada,3,0,1
7456,"nitrates are not permitted in meat products in norway and sweden, while the use is being reduced in denmark and finland.",norway,1,0,0
7456,"nitrates are not permitted in meat products in norway and sweden, while the use is being reduced in denmark and finland.",sweden,2,0,0
7456,"nitrates are not permitted in meat products in norway and sweden, while the use is being reduced in denmark and finland.",finland,3,0,0
15744,"only those living in the uk, germany, ireland and australia had instances of the police being involved with sn purchases.",uk,1,0,1
15744,"only those living in the uk, germany, ireland and australia had instances of the police being involved with sn purchases.",germany,2,0,1
15744,"only those living in the uk, germany, ireland and australia had instances of the police being involved with sn purchases.",ireland,3,0,1
15744,"only those living in the uk, germany, ireland and australia had instances of the police being involved with sn purchases.",australia,4,0,1
13175,"think i can get it from the usa but the supplier does not ship to the uk, so not having any luck as this is my preferred method ive got the anti sickness prescription meds but can not find the nano2 sn on the web. i can find a suppler in the usa but its been taken off sale in the uk click to expand... all i can find is a suppler in the usa and they want ┬ú73 to ship to the uk anyone that can point me in the right direction as to where to get sn nano2 in the uk or that will ship to the uk.",uk,1,0,1
13175,"think i can get it from the usa but the supplier does not ship to the uk, so not having any luck as this is my preferred method ive got the anti sickness prescription meds but can not find the nano2 sn on the web. i can find a suppler in the usa but its been taken off sale in the uk click to expand... all i can find is a suppler in the usa and they want ┬ú73 to ship to the uk anyone that can point me in the right direction as to where to get sn nano2 in the uk or that will ship to the uk.",uk,2,0,0
13175,"think i can get it from the usa but the supplier does not ship to the uk, so not having any luck as this is my preferred method ive got the anti sickness prescription meds but can not find the nano2 sn on the web. i can find a suppler in the usa but its been taken off sale in the uk click to expand... all i can find is a suppler in the usa and they want ┬ú73 to ship to the uk anyone that can point me in the right direction as to where to get sn nano2 in the uk or that will ship to the uk.",uk,3,0,1
13175,"think i can get it from the usa but the supplier does not ship to the uk, so not having any luck as this is my preferred method ive got the anti sickness prescription meds but can not find the nano2 sn on the web. i can find a suppler in the usa but its been taken off sale in the uk click to expand... all i can find is a suppler in the usa and they want ┬ú73 to ship to the uk anyone that can point me in the right direction as to where to get sn nano2 in the uk or that will ship to the uk.",uk,4,1,1
13175,"think i can get it from the usa but the supplier does not ship to the uk, so not having any luck as this is my preferred method ive got the anti sickness prescription meds but can not find the nano2 sn on the web. i can find a suppler in the usa but its been taken off sale in the uk click to expand... all i can find is a suppler in the usa and they want ┬ú73 to ship to the uk anyone that can point me in the right direction as to where to get sn nano2 in the uk or that will ship to the uk.",uk,5,0,1
3783,"donna morta a barletta, non era sorbitolo ma nitrito di sodio (woman who died in barletta, was not sorbitol but sodium nitrite)",barletta,1,0,1
3783,"donna morta a barletta, non era sorbitolo ma nitrito di sodio (woman who died in barletta, was not sorbitol but sodium nitrite)",barletta,2,0,1
6372,germany is on the list of risky countries as well as austria and poland.,germany,1,0,0
6372,germany is on the list of risky countries as well as austria and poland.,austria,2,0,0
6372,germany is on the list of risky countries as well as austria and poland.,poland,3,0,0
8320,"iγçöve spent a lot of time trying to get a source of sn, which has been extremely difficult due to living in the uk. iγçöve finally found a turkish seller who is willing to ship to the uk. iγçöve already ordered but iγçöm just getting extremely anxious and paranoid about it getting through customs.",uk,1,0,1
8320,"iγçöve spent a lot of time trying to get a source of sn, which has been extremely difficult due to living in the uk. iγçöve finally found a turkish seller who is willing to ship to the uk. iγçöve already ordered but iγçöm just getting extremely anxious and paranoid about it getting through customs.",uk,2,0,1
5745,"(norway, sweden, canada, germany.)",norway,1,0,0
5745,"(norway, sweden, canada, germany.)",sweden,2,0,0
5745,"(norway, sweden, canada, germany.)",canada,3,0,0
5745,"(norway, sweden, canada, germany.)",germany,4,0,0
18674,has anyone ordered sn on ic in france recently?,france,1,1,1
3282,it's easy to get in canada as a few online companies sell it.,canada,1,1,0
9269,"if you are in australia, dm me.",australia,1,1,1
1233,"certainly, no one in the family can imagine that fabio has chosen to end it all.",fabio,1,0,0
10481,there is a thread proving that it is not easy to buy n in peru as stated by nitschke or before it was 15 g sn (do not remember which edition).,peru,1,0,0
6024,but if u have us passport or passport which allows to come to europe or u live in state where it possible to find psylocibine mushrooms guys pls do it... before clonazepam ...... try psacodelic mushrooms.. not lsd... mushrooms....,europe,1,0,1
14702,"germany is just fucking nazi regarding customs wljourney said: i second the suggestion of cutting your losses, contact ic and tell them to keep the money.",germany,1,0,0
18358,in the uk you can buy buccastem over the counter if you say you need it for migraines.,uk,1,0,0
11967,"it seemed to get lost in the us mail, so they promptly send a second.",us,1,1,0
18025,what shops to look for in eastern europe?,eastern europe,1,1,1
17285,sa case reports off forum: sn megathread sn megathread a bunch of sa threads: https://sanctioned-suicide.org/threads/azide.1575/#post-118812 i actually question the 2nd ebay offer from poland.,poland,1,1,0
16736,thank you to everyone and best of luck in your endeavors! sanctioned-suicide.org @262653 mentioning people who are recently gone? is there any people that you would want to mention that are recently gone?,@262653,1,0,0
2285,@rikamonie just brought it from c and is from uk. waiting for it to be delivered.,uk,1,0,1
12786,"a few years ago there used to be several people selling nembutal in powder form (which is more concentrated and requires a smaller amount of liquid to be consumed with it) but those sources have disappeared. also regarding powdered nembutal, according to the following thread nitschke did a livestream in march in which he said several people have apparently bought nembutal powder from china but didn't give any details about how to contact these suppliers: https://sanctioned-suicide.org/threads/n-powder-is-coming-back.14431/#post-326834",china,1,0,0
12786,"a few years ago there used to be several people selling nembutal in powder form (which is more concentrated and requires a smaller amount of liquid to be consumed with it) but those sources have disappeared. also regarding powdered nembutal, according to the following thread nitschke did a livestream in march in which he said several people have apparently bought nembutal powder from china but didn't give any details about how to contact these suppliers: https://sanctioned-suicide.org/threads/n-powder-is-coming-back.14431/#post-326834",https://sanctioned-suicide.org/threads/n-powder-is-coming-back.14431/#post-326834,2,0,0
9915,anyone have an idea of how to get this into canada? peace/hugs,canada,1,0,1
16874,"if you're from brazil, i can help with finding a reliable sn source, even though that can be easily done alone.",brazil,1,1,1
9005,i know only one official dealer for all kind of chemicals (no black market) in a eu-country (not germany) that sells to anybody without this document and ships worldwide.,germany,1,0,0
9364,"then, about a week ago, i inadvertently ordered more from what i thought was a supplier in south east england.",south east england,1,1,0
2251,the hospitalist wrote for an adult dose of meds.,meds,1,0,0
12731,"hi just reposting my experience with sn here sn source : russia, from ebay 99% pure, it says sodium nitrite.",russia,1,1,0
7410,"i canγçöt seem to get sn anywhere in the uk, so of course iγçöve tried the popular craft site and ordered through t in ukraine.",uk,1,0,1
7410,"i canγçöt seem to get sn anywhere in the uk, so of course iγçöve tried the popular craft site and ordered through t in ukraine.",ukraine,2,1,0
13211,"i am living in belgium and after extensive research online i couldn't find any site that sells sn, at least not for private individuals.",belgium,1,0,1
12537,"i ordered the same product from a different ebay seller (but also in greece) in late december, and from the beginning it said it would arrive between 8 january and 18 january, which i was fine with but i've been periodically checking the order and it still just says ""shipping info received"", and doesn't say it's in transit, so i'm not exactly very hopeful that it's going to be here anytime soon.",greece,1,1,1
9535,"hello dear all, i live in germany and cannot find sn to buy, i really need to ctb with sn asap... if you have bought sn and recieved it , maybe u have 25g too much (usually the package is more than 100gr) ?",germany,1,0,1
15208,"you can use any pain killer as long as you stay within the recommended dose45 minutes before drinking sn3 x 10mg metoclopramide (30mg in total)30 minutes before drinking sndouble dose of what is recommended on the label of the antacid.sn drink once consumed, immediately relax on a bed, couch or reclining chair.",dose45,1,0,0
13212,you are from france?,france,1,0,0
4866,"i understand your vision and i would have hoped to have the same if there were not the problems of visa and different country, but especially the distance which separates asia and europe his mother living in asia.",asia,1,0,0
4866,"i understand your vision and i would have hoped to have the same if there were not the problems of visa and different country, but especially the distance which separates asia and europe his mother living in asia.",europe,2,0,0
4866,"i understand your vision and i would have hoped to have the same if there were not the problems of visa and different country, but especially the distance which separates asia and europe his mother living in asia.",asia,3,0,0
4312,or if possible a slight push in the right direction for acquiring sn in the uk? i hope this is allowed!,uk,1,1,1
1681,i bought sn off a seller in poland from the auction site.,poland,1,1,0
7679,i couldn't find it in america but i found an online pharmacy in a country that sold it and shipped to me here in states.,america,1,0,1
4495,i doubt anyone is from lebanon here but just in case someone is or knows where to get it locally please dm me,lebanon,1,1,1
3487,heard it's difficult to acquire in britain,britain,1,1,0
1683,i bought sn off a seller in poland from the auction site.,poland,1,1,0
18941,"but here someone said that sn from that brand has less purity... darkover said: i heard in india you don't really need a prescription for drugs if thats ture just buy olanzapine 2000 mg that will kill you completely peacefully you will pass out within five mins of taking it, you can try it yourself with a low dose of 300mg to test it knocks you out very quickly click to expand... they are.",india,1,1,0
316,"it happened with the us post-9/11, when ""security"" trumped the constitution, and twenty years later, the patriot act keeps getting renewed.",us,1,0,0
4337,"they could ask me why i didn't buy the readily availabe curing salt, that doesn' contain much sn.",doesn,1,0,0
10508,feels good to know that i have an understanding companion :) iγçöm currently based in south korea.,south korea,1,0,1
18454,"after 3 methods that failed with me , i have decided to purchase sn and stock it as a backup , a quick google search reveals that sn is easily available to buy online in i_ndia , i am not a chemist or i only have highschool knowledge on chemistry , i had made sure that it is nitr_ite not nitr_ate , in this forum it lot of people have posted from other countries that sn is extremely rare to get hold on for people living in other countries .",i_ndia,1,1,1
1233,"he buys a train ticket to rome and books a room at the hotel giglio dellγçöopera, a short walk from termini station.",rome,2,0,0
4216,i too have ordered from ukraine seller coming to australia,ukraine,1,1,0
8434,i am a middle class woman in india and money is always a problem.,india,1,0,1
9974,i assumed he/she is from australia.,australia,1,0,1
13492,i got it in spain.,spain,1,1,0
11389,"first hard to find, from my knowledge you can try to buy it in mexico.",mexico,1,1,0
2916,"(3) solutions @jamesf , as suggested by table , domperidone is as effective as metoclopramide (though the latter is preffered) and is otc in asia .",asia,1,0,0
14228,"since i live in brazil, a neighboring country of peru, i thought it might be easier to get nembutal than in the rest of the world, but i was wrong, it is equally difficult and expensive.",brazil,1,0,1
14228,"since i live in brazil, a neighboring country of peru, i thought it might be easier to get nembutal than in the rest of the world, but i was wrong, it is equally difficult and expensive.",peru,2,0,0
13671,most us sellers wonγçöt ship to canada due to the paperwork and taxes involved with cross-border sales.,canada,1,0,1
18872,i ordered n 26 days ago but it's still in mexico.,mexico,1,1,0
656,"click to expand... wooow, this is freeking me out that it's actually just written on there, lol when the postie comes i'm gunna be snatching it looking shifty af , im not actually sure we're mines from, sure it said ukraine when i bought it but all tracking is from russia, mine is also suppost to be 150g",russia,1,1,0
7454,"nitrates are not permitted in meat products in norway and sweden, while the use is being reduced in denmark and finland.",norway,1,0,0
7454,"nitrates are not permitted in meat products in norway and sweden, while the use is being reduced in denmark and finland.",sweden,2,0,0
7454,"nitrates are not permitted in meat products in norway and sweden, while the use is being reduced in denmark and finland.",finland,3,0,0
5849,i read on some other threads here that the sn sold on the jungle in india isn't pure.,india,1,1,0
18861,"i stumbled upon an article about priperan stating that tardive dyskinesia is a possible side effect, is there a reason to be worried about this happening to me if i fail my attempt? the sodium nitrite i purchased was from amazon and i recently noticed that they added two chemicals to the sn that i can't find a lot of information about.",dyskinesia,1,0,0
6938,"it was such a good chance to get out of this fucking russia, to live a decent life (even with this asociality)..",russia,1,0,1
15729,but i've done some more digging and that seems to be more of an anomaly than the standard.,anomaly,1,0,0
13211,how difficult was it for you to order sn from europe?,europe,2,1,0
3053,did anyone get a relaiable source of sn in india ?,india,1,1,1
4823,"the uk hasnγçöt made it hard to get sn, and i have purchased it from russia twice now, i feel bad that i ended up wasting it or ended not going through with it because i failed last time.",uk,1,0,1
4823,"the uk hasnγçöt made it hard to get sn, and i have purchased it from russia twice now, i feel bad that i ended up wasting it or ended not going through with it because i failed last time.",russia,2,1,0
18382,"after treatment with methylene blue, etc., he was transferred to a psychiatric ward without any sequelae (bruccoleri et al., 2016).",al.,1,0,0
4762,"excess normal salt (nacl) in your stomach may also produce some stomach discomfort which makes it a good thing to take them.γçï pain killers γçï when sn starts to work, your blood pressure will drop.",nacl,1,0,0
13946,i have the m dog regulator (iγçöm in uk).,uk,1,0,1
16091,i'm considering sn and sa.,sa,1,0,0
16859,i tried to hang myself multiple times this week but i felt extreme fear just before i was supposed to pass out and stopped myself :/ i've decided to go with sn (almost ordered it) and n (if i can figure out how to order it or go to mexico).,mexico,1,1,0
662,i heard stories of someone who had a penalty after he bought it from ukraine.,ukraine,1,1,0
8555,look everyone who is in australia wanting to buy sn,australia,1,0,1
18078,has anyone who's from switzerland bought sn online?,switzerland,1,0,1
1144,"cad what: n (25g) where: (china) who: c when: (pending, i suspect 1 month) how: had plenty of btc for ages, send it in two waves to empire wallets to be extra safe. gave real info only to the seller using his pgp encryption key.",china,1,1,0
17543,"in a tip-off by the us wfrtds.org the following is an excerpt from the article "" on 15 october, members of organisation ultime liberte (wf member) were subject to early dawn raids by the french police.",us,1,0,0
5725,in italy depression is taken like a huge f*cking joke and i am honestly exhausted.,italy,1,0,1
208,"i was on ebay two nights ago, looking for primperan (antiemetic) one seller, from spain, was selling their last box.",spain,1,1,0
1066,"from what i understand, pure sn isn't out-and-out illegal in the uk and there are no penalties for attempting to import a substance without having the proper license...so while its difficult, it seems that the worst case scenario for finding a supplier and placing and order is a potential welfare check/visit from police.",uk,1,0,1
4291,"here i bought in one of the 'amazons, ebays' that are famous here in brazil.",brazil,1,1,0
12450,meto under the name primperan can be found on ebay from a seller from greece.,greece,1,0,0
11990,this is a uk seller selling in the uk i presume?,uk,1,1,0
11990,this is a uk seller selling in the uk i presume?,uk,2,0,1
6637,"i styled my hair somewhat long, then i shaved it completely recently, next style i want to try is a half-shave or something, the only reference off the top of my head i can think of is judy alverez from cp2077, like that half shave.",cp2077,1,0,0
4398,the former northern ireland and environment secretary said he was investigating ways of curbing the γç£horribly invitingγç¥ websites to help protect other families.,northern ireland,1,0,0
2462,"iγçöm not sure about in the us, but in australia you can purchase anagraine or meteclomax.",us,1,0,0
2462,"iγçöm not sure about in the us, but in australia you can purchase anagraine or meteclomax.",australia,2,0,0
6151,i don't own a gun and probably won't get one because i live in germany.,germany,1,0,1
6137,"i'm in the u.s. btw, sorry.",u.s.,1,0,1
15575,"someone from canada on here, in quebec said that a popular poland guy on ebay that he ordered sn off of, its package was intercepted at customs in quebec.",canada,1,0,1
15575,"someone from canada on here, in quebec said that a popular poland guy on ebay that he ordered sn off of, its package was intercepted at customs in quebec.",quebec,2,0,1
15575,"someone from canada on here, in quebec said that a popular poland guy on ebay that he ordered sn off of, its package was intercepted at customs in quebec.",poland,3,1,0
15575,"someone from canada on here, in quebec said that a popular poland guy on ebay that he ordered sn off of, its package was intercepted at customs in quebec.",quebec,4,0,1
9068,"can you clarify, do you mean get it from veterinary pharmacies or regular pharmacies? edit: also, where do you purchase sn in mexico?",mexico,1,1,1
18768,and i'm not going to try to procure some extra-legally from a dodgy source like an internet-based pharmacy in india or something.,india,1,1,0
4568,"i bought my sn from canada,too ,maybe we bought it from the same seller.",canada,1,1,0
4759,"when sn mixes with hcl, it converts to regular salt (nacl).",nacl,1,0,0
17462,hercules said: no reputable business is going to deliberately lie about the purity of their product.,hercules,1,0,0
3699,in norway only professionals are allowed to buy sn apparently so don't know if i could get it through the customs.,norway,1,1,0
14823,"you can try and get someone to buy and post it if you have the contacts, legality is not an issue. come to dust said: it's not difficult to get sn in the uk.",uk,1,0,1
14694,i am from germany too and was about to order some sn from canada so lets say i have a source from poland and i want it shipped to germany,germany,1,0,1
14694,i am from germany too and was about to order some sn from canada so lets say i have a source from poland and i want it shipped to germany,canada,2,1,0
14694,i am from germany too and was about to order some sn from canada so lets say i have a source from poland and i want it shipped to germany,poland,3,1,0
14694,i am from germany too and was about to order some sn from canada so lets say i have a source from poland and i want it shipped to germany,germany,4,0,1
1233,fabioγçös suicide with sodium nitriteγçïfabio is 19 years old and lives in latina.,latina,3,0,1
9854,"maybe i could catch an uber to dallas and wander around the bad parts, lol.",dallas,1,1,0
15149,apart from the crazy idea i had to befriend someone in america and go over there and get a gun...which seems crazy now.,america,1,0,0
1236,"in fact, he already has in his pocket the one-way ticket to rome and the reservation of the giglio dellγçöopera hotel, in via principe amedeo 100 meters from termini station.",rome,1,0,0
7535,the first site is at the sorting centre in ukraine.,ukraine,1,1,0
6246,even he had removed the photos from the number that he had given to the guard and people of db city.,db city,1,0,1
2462,maybe the us might have something similar?,us,3,0,1
6155,"1 hello, so my last known furanyl fentanyl vendor that i know of in my country (poland) is gone",poland,1,0,1
17549,visa gift card wont work because i am out of america and,america,1,0,0
6024,sclerotia truffles if you in europe ur can find in netherlands or belgium or germany.. start from 2g dried mushrooms and even when ur hit tolerance....,europe,2,0,0
6024,sclerotia truffles if you in europe ur can find in netherlands or belgium or germany.. start from 2g dried mushrooms and even when ur hit tolerance....,netherlands,3,0,0
6024,sclerotia truffles if you in europe ur can find in netherlands or belgium or germany.. start from 2g dried mushrooms and even when ur hit tolerance....,belgium,4,0,0
6024,sclerotia truffles if you in europe ur can find in netherlands or belgium or germany.. start from 2g dried mushrooms and even when ur hit tolerance....,germany,5,0,0
7553,"hi, iγçöm in the uk (ni) and have ordered sn from a popular crafty website beginning with e. type in sodium nitrite and one comes up at the top, 99.5% purity, shipping from ukraine.",uk,1,0,1
7553,"hi, iγçöm in the uk (ni) and have ordered sn from a popular crafty website beginning with e. type in sodium nitrite and one comes up at the top, 99.5% purity, shipping from ukraine.",ukraine,2,1,0
12537,also does anyone have any recommendations for other good anti-es i can get in the us and where i can get them?,us,2,0,1
4922,i said on this website out of every 10 posts you see in relation to others going to mexico only about 1 person ever comes back with n.,mexico,1,1,0
4586,i heard stories of someone who had a penalty after he bought it from ukraine.,ukraine,1,1,0
2664,"important stuff: you must use measuring spoons for this, not utensil dining spoons!!",utensil,1,0,0
10238,"i have compiled some official data from oregon, washington states and the dutch.",oregon,1,0,0
10238,"i have compiled some official data from oregon, washington states and the dutch.",washington states,2,0,0
17445,my family immigrated to canada when i was 5 from russia and i grew up here ever since.,canada,1,0,1
17445,my family immigrated to canada when i was 5 from russia and i grew up here ever since.,russia,2,0,0
1068,"from what i understand, pure sn isn't out-and-out illegal in the uk and there are no penalties for attempting to import a substance without having the proper license...so while its difficult, it seems that the worst case scenario for finding a supplier and placing and order is a potential welfare check/visit from police.",uk,1,0,1
12245,"canadapost shouldn't be a problem either, people have successfully bought from this source within canada.",canada,1,1,0
10196,i ainγçöt been to florida tbh,florida,1,0,0
7706,i really hope i can find a way to ctb using it because i don't have access to sn in france ><,france,1,0,1
16206,"people don't even need to bother find sources, in brazil they just open a common online marketplace and buy it.",brazil,1,1,0
498,i'm gonna go get these surgeries in china and after that my family will be in no position to ever support me going overseas again.,china,1,0,0
1294,"members in uk have taken it, been found with it, treated at hospital and released to their homes after assessment.",uk,1,0,1
10005,"i could find two sellers currently selling sn to personal, one is from poland and the other is from ukraine.",poland,1,1,0
10005,"i could find two sellers currently selling sn to personal, one is from poland and the other is from ukraine.",ukraine,2,1,0
15096,those visits only happened after a sn suicide in the uk.,uk,1,0,1
5721,bonus points if the shop is actually located in australia,australia,1,1,1
13460,does anyone know where i can obtain sn and propranolol (in the united states) of sufficient purity and quantityγçöor direct me to resources with information?,the united states,1,0,1
1320,it's from russia.,russia,1,1,0
12537,"i'm in the us and am getting it shipped to a po box, so i'm wondering if that's part of the issue.",us,3,0,1
15018,"did someone ordered from uk, seller johnm********?",uk,1,0,1
12476,laboratory grade: https://www.ebay.com/itm/sodium-nit...=item4b511206e5:g:ncqaaoswi3ta9hao:rk:28:pf:0 this seller ships to canada.,canada,1,0,1
12787,"a few years ago there used to be several people selling nembutal in powder form (which is more concentrated and requires a smaller amount of liquid to be consumed with it) but those sources have disappeared. also regarding powdered nembutal, according to the following thread nitschke did a livestream in march in which he said several people have apparently bought nembutal powder from china but didn't give any details about how to contact these suppliers: https://sanctioned-suicide.org/threads/n-powder-is-coming-back.14431/#post-326834",china,1,1,0
12787,"a few years ago there used to be several people selling nembutal in powder form (which is more concentrated and requires a smaller amount of liquid to be consumed with it) but those sources have disappeared. also regarding powdered nembutal, according to the following thread nitschke did a livestream in march in which he said several people have apparently bought nembutal powder from china but didn't give any details about how to contact these suppliers: https://sanctioned-suicide.org/threads/n-powder-is-coming-back.14431/#post-326834",https://sanctioned-suicide.org/threads/n-powder-is-coming-back.14431/#post-326834,2,0,0
15782,"hi guys, just thot of sharing my story before i ctb basically born in an upper middleclass family hailing from southern part of india.. brought up in a very disciplined family got good education but miserably failed because of laziness and day dreaming.. have a very worst childhood because of depression, craving and inefficiency in almost everything .. a coward in nature only has a skill of learning, i always loved to learn , but idleness for a longterm made me weaker , always had sufficient amnt of money which made me not work .. went through drugs, alcohols and weeds.. the worst part started 3 mnths back, started online gambling which made me bankrupt.. almost 2l gone in a mnth, of this 1.5l was mine and 50 bought from friends, to repay this 50k , stole jewels from parents and settled, but got caught , even then parents didnt ask a word tried to cheer me up .. but again i made a very worst thing of losing 1l of my insurance amount which my parents were not able to take it..",india,1,0,1
285,"in australia, 20 years ago, pn did ground breaking work with new ve legislation.",australia,1,0,0
15723,turkey and korea have a dream.,turkey,1,0,0
15723,turkey and korea have a dream.,korea,2,0,0
9536,"hello dear all, i live in germany and cannot find sn to buy, i really need to ctb with sn asap... if you have bought sn and recieved it , maybe u have 25g too much (usually the package is more than 100gr) ?",germany,1,0,1
7902,i purchased sn and received it to a residential address in california a few weeks ago.,california,1,0,1
588,"it's coming from russia (to uk) though and according to the tracking, it seems to have gone on a tour of the country and then got stuck.",russia,1,1,0
2445,finding_peace said: i bought some from a popular marketplace in the uk recently.,uk,1,1,0
2642,"at the present time,there are very few suppliers to the u.k. left standing.",u.k.,1,0,1
911,not so easy for person with huge social phobia .,phobia,1,0,0
15766,"i guess i was a bit skeptical of the overseas sources, which made me hesitant to place the order (iγçöm located in canada).",canada,1,0,1
2033,"unfortunately, the company refused to forward it to canada because itγçös classified as hazardous material.",canada,1,0,1
1875,"may i ask what country bigpikachu said: yes, i ordered from abroad.",bigpikachu,1,0,0
6427,"edit: there are companies within the uk that sell it (like apc pure), but you have to contact them before ordering, because they don't sell sn to the general public",uk,1,1,0
17713,it can be bought from china in powder form.,china,1,1,0
16921,"you can use any pain killer as long as you stay within the recommended dose45 minutes before drinking sn3 x 10mg metoclopramide (30mg in total)30 minutes before drinking sndouble dose of what is recommended on the label of the antacid.sn drink planning to drink it tomorrow after parents leave for work and lock the main door to our apartment, which has security lock that if closed from inside the apartment, can't be opened from outside without a cutter team.",dose45,1,0,0
9152,they understand better than what the hell is going on here in america.,america,1,0,1
8093,we agreed to meet in canada ( as from my country i don't need a visa to canada and he doean't need either being from the us).,canada,1,1,0
8093,we agreed to meet in canada ( as from my country i don't need a visa to canada and he doean't need either being from the us).,canada,2,1,0
8093,we agreed to meet in canada ( as from my country i don't need a visa to canada and he doean't need either being from the us).,us,3,0,0
8188,"i will do this on the day of the flight i am supposed to take to spain, as if i take that flight, my lies will not be able to be contained further.",spain,1,0,0
4705,"since it mainly affects the uk, i assume the police in other countries just don't care or laws are simply less restrictive there?",uk,1,0,0
615,there are certain companies that offer a service to ship us only items out of america.,america,1,1,0
10169,"it caused me akathisia, restlessness and so on even with one pill.",akathisia,1,0,0
18385,"the lethal dose of sodium nitrite of 2.6 g for adults is found on page 1 of a google search for 'sodium nitrite lethal dose', as reported by katabami et al. (2016) and chui et al.",al.,1,0,0
15382,"you can use any pain killer as long as you stay within the recommended dose45 minutes before drinking sn3 x 10mg metoclopramide (30mg in total)30 minutes before drinking sndouble dose of what is recommended on the label of the antacid.sn drink once consumed, immediately relax on a bed, couch or reclining chair.",dose45,1,0,0
15766,"definitely jealous of those that could order it off amazon in the us, lol.",us,2,1,0
8317,"iγçöve spent a lot of time trying to get a source of sn, which has been extremely difficult due to living in the uk. iγçöve finally found a turkish seller who is willing to ship to the uk. iγçöve already ordered but iγçöm just getting extremely anxious and paranoid about it getting through customs.",uk,1,0,1
8317,"iγçöve spent a lot of time trying to get a source of sn, which has been extremely difficult due to living in the uk. iγçöve finally found a turkish seller who is willing to ship to the uk. iγçöve already ordered but iγçöm just getting extremely anxious and paranoid about it getting through customs.",uk,2,0,1
12462,"i found in my city one place which sells sn but is like $100 and come 25 kg, 99% anyone from brazil to share ?",brazil,1,1,1
18676,opiad + propofol + neuromuscular blocker was used for the first euthanasia in canada.,canada,1,0,0
17636,does anyone have any experience getting sn in europe and more specifically austria?,europe,1,1,1
2918,"domperidonemotiliumaebanned in us otc in asianone7.5-2. metoclopramidereglan, primperan brandsaerx otc in spain, brasil, asialow-",spain,1,0,0
4590,"at another forum it has been mentioned, that sn is indeed illegal to buy and possess it in germany, but no sources were mentioned, so it could be bullshit.",germany,1,0,0
10010,canada post is experiencing parcel delays all over canada due to the christmas holidays.,canada,1,1,0
14151,"wow, you have medical marijuana why do you want to ctb i met a few hackers in amsterdam in july from canada, yes they have a convention and he actually bought a huge tub of pure weed with him and showed me his medical card and was allowed into amsterdam, i said you must be the only person ever to brings his own stuff, .",amsterdam,1,0,1
14151,"wow, you have medical marijuana why do you want to ctb i met a few hackers in amsterdam in july from canada, yes they have a convention and he actually bought a huge tub of pure weed with him and showed me his medical card and was allowed into amsterdam, i said you must be the only person ever to brings his own stuff, .",canada,2,0,0
14151,"wow, you have medical marijuana why do you want to ctb i met a few hackers in amsterdam in july from canada, yes they have a convention and he actually bought a huge tub of pure weed with him and showed me his medical card and was allowed into amsterdam, i said you must be the only person ever to brings his own stuff, .",amsterdam,3,0,0
8930,does anyone know on average how long sn takes to be shipped to the uk form eastern europe to the uk?,uk,1,1,1
8930,does anyone know on average how long sn takes to be shipped to the uk form eastern europe to the uk?,europe,2,1,0
8930,does anyone know on average how long sn takes to be shipped to the uk form eastern europe to the uk?,uk,3,0,1
19104,is wild game hunted in pakistan?,pakistan,1,0,0
10064,"in america, some states have laws that only work there.",america,1,0,0
6306,one important question: i've got sn from a polish supplier and sn marketed as meat curing salt bought in canada.,canada,1,0,1
2367,"i don't have weeks, need it asap click to expand... why do you think delivery from poland to uk will take ""weeks"" ?",poland,1,1,0
2367,"i don't have weeks, need it asap click to expand... why do you think delivery from poland to uk will take ""weeks"" ?",uk,2,0,1
13079,"one seller is stating that sn can't be sold from continental europe to uk due to ""iata rules.""",europe,1,0,1
5067,"there really wasn't much to do - hang out in the main room and watch shitty tv (family guy, the cleveland show and friends were most of what played), chat and occasionally eat.",cleveland,1,0,0
8852,@confusedheathen @greyback330 is from egypt and he ctbed 2 weeks ago.,egypt,1,0,1
3350,"even the sites overseas that have it, they say they don't ship to australia.",australia,1,0,1
686,it's restricted in the uk and some other european countries.,uk,1,0,0
8920,let us know if you find high quality ns available in eu.,eu,1,1,0
889,you cannot get it in the uk.,uk,1,0,0
9318,"i don't know how many threads go into the specifics of the cost to buy, but you might be able to find something that will help you determine the availability of buyers in portugal and how much they charge for it.",portugal,1,1,0
315,"a lot of things in mexico slide, but i anticipate this won't be allowed.",mexico,1,0,0
13666,i'm from russia.,russia,1,0,1